{"initial_reset_timestamp": 1605828335.6300204, "timestamps": [1605828336.3050547], "episode_lengths": [9], "episode_rewards": [9.0], "episode_types": ["t"]}